Workbook

Sheet Original
H3: Monthly Working Schedule / Bakery | S3: (仮) | X3: Rev: | AA3: 0 | AC3: 45505 | AF3: Printed by
AF4: 45521
C6: EMP# | D6: =AC3 | E6: =D6+1 | F6: =E6+1 | G6: =F6+1 | H6: =G6+1 | I6: =H6+1 | J6: =I6+1 | K6: =J6+1 | L6: =K6+1 | ... AH6: =AG6+1
D7: =D6 | E7: =E6 | F7: =F6 | G7: =G6 | H7: =H6 | I7: =I6 | J7: =J6 | K7: =K6 | ... AH7: =AH6 | AI7: V | AJ7: R | AK7: 休業 | AL7: of
D8: =D6 | E8: =E6 | F8: =F6 | G8: =G6 | H8: =H6 | I8: =I6 | J8: =J6 | K8: =K6 | ... AH8: =AH6 | AN8: Rev
A9: 1 | B9: NITTA | C9: 627 | AI9: =COUNTIF(D9:AH9,"V") | AJ9: =COUNTIF(D9:AH9,"R") | AK9: =COUNTIF(D9:AH9,"休業") | AL9: =COUNTIF(D9:AH9,"OFF") | AN9: ④ 2024/8/17
A10: 2 | B10: KOBAYASHI | C10: 113 | E10: 7 | F10: 7 | G10: off | H10: 14 | I10: 14 | K10: 14 | L10: OFF | M10: 14 | N10: off | O10: 14 | P10: OFF | Q10: 14 | R10: 7 | S10: 14 | T10: 7 | U10: 7 | V10: OFF | W10: 14 | X10: off | Y10: 7 | Z10: 14 | AA10: 23 | AB10: 7 | AC10: off | AD10: 7 | AE10: 14 | AF10: 7 | AG10: OFF | AI10: =COUNTIF(D10:AH10,"V") | AJ10: =COUNTIF(D10:AH10,"R") | AK10: =COUNTIF(D10:AH10,"休業") | AL10: =COUNTIF(D10:AH10,"OFF")
A11: 3 | B11: ISHII | C11: 826 | E11: 14 | F11: 23 | G11: 7 | H11: 7 | I11: 6 | J11: 14 | K11: 7 | L11: OFF | M11: off | N11: 14 | O11: 7 | P11: 7 | Q11: 7 | R11: off | S11: OFF | U11: off | V11: 14 | W11: OFF | X11: 7 | Y11: 14 | Z11: 7 | AA11: 14 | AB11: off | AC11: 7 | AD11: OFF | AE11: 7 | AF11: 14 | AG11: 7 | AH11: 14 | AI11: =COUNTIF(D11:AH11,"V") | AJ11: =COUNTIF(D11:AH11,"R") | AK11: =COUNTIF(D11:AH11,"休業") | AL11: =COUNTIF(D11:AH11,"OFF")
A12: 4 | B12: KAJIWARA | C12: 638 | D12: 14 | F12: 14 | G12: 14 | H12: 7 | I12: off | J12: 7 | K12: OFF | L12: 14 | M12: 23 | N12: off | O12: 7 | P12: 14 | R12: 14 | S12: OFF | T12: 14 | U12: 14 | V12: 7 | W12: 7 | X12: 14 | Y12: OFF | Z12: off | AA12: 7 | AB12: 14 | AC12: 14 | AD12: 14 | AE12: off | AF12: OFF | AG12: 14 | AH12: 23 | AI12: =COUNTIF(D12:AH12,"V") | AJ12: =COUNTIF(D12:AH12,"R") | AK12: =COUNTIF(D12:AH12,"休業") | AL12: =COUNTIF(D12:AH12,"OFF")
A13: 5 | B13: SHIOTANI | C13: 840 | D13: 6 | E13: 6 | F13: 6 | G13: off | H13: 6 | I13: 6 | J13: 6 | K13: 6 | L13: 6 | M13: OFF | N13: 6 | O13: 6 | P13: off | Q13: 6 | R13: 6 | S13: 6 | T13: OFF | U13: 6 | W13: 6 | X13: 7 | Y13: OFF | Z13: 6 | AA13: off | AB13: 6 | AC13: 6 | AD13: OFF | AE13: 6 | AG13: 6 | AH13: off | AI13: =COUNTIF(D13:AH13,"V") | AJ13: =COUNTIF(D13:AH13,"R") | AK13: =COUNTIF(D13:AH13,"休業") | AL13: =COUNTIF(D13:AH13,"OFF")
A14: 6 | B14: YAMAKURA | C14: 861 | D14: 7 | G14: 6 | H14: OFF | I14: off | J14: 7 | L14: 7 | M14: 7 | N14: 7 | O14: OFF | P14: off | Q14: 7 | R14: 6 | S14: 7 | T14: 23 | U14: off | V14: 7 | X14: 6 | Y14: 6 | Z14: 6 | AA14: OFF | AB14: OFF | AC14: 7 | AD14: 6 | AE14: 7 | AF14: 6 | AG14: off | AH14: 7 | AI14: =COUNTIF(D14:AH14,"V") | AJ14: =COUNTIF(D14:AH14,"R") | AK14: =COUNTIF(D14:AH14,"欠") | AL14: =COUNTIF(D14:AH14,"OFF")
A15: 7 | B15: IGUCHI | C15: 934 | E15: 6 | F15: 6 | G15: OFF | H15: 6 | I15: 6 | J15: 6 | K15: off | L15: 6 | M15: 6 | N15: 6 | O15: off | P15: 6 | Q15: 6 | R15: OFF | S15: 6 | T15: 6 | U15: 6 | V15: 6 | W15: OFF | X15: off | Y15: 6 | AA15: 6 | AB15: off | AC15: OFF | AD15: 6 | AE15: 6 | AF15: 6 | AH15: 6 | AI15: =COUNTIF(D15:AH15,"V") | AJ15: =COUNTIF(D15:AH15,"R") | AK15: =COUNTIF(D15:AH15,"欠") | AL15: =COUNTIF(D15:AH15,"OFF")
A16: 8 | B16: TAKEDA | C16: 958 | D16: 6 | E16: 6 | G16: 6 | H16: off | I16: OFF | J16: 6 | K16: 6 | M16: 6 | N16: 6 | O16: 6 | P16: 6 | Q16: OFF | S16: off | T16: 6 | U16: 6 | V16: 6 | W16: 6 | X16: 6 | Y16: OFF | Z16: off | AA16: 6 | AB16: 6 | AC16: 6 | AD16: OFF | AF16: off | AG16: 6 | AH16: 6 | AI16: =COUNTIF(D16:AH16,"V") | AJ16: =COUNTIF(D16:AH16,"R") | AK16: =COUNTIF(D16:AH16,"欠") | AL16: =COUNTIF(D16:AH16,"OFF")
A17: 9 | B17: KITAZAKI | C17: 973 | F17: 6 | G17: 6 | H17: 6 | I17: OFF | K17: off | L17: 6 | M17: 6 | N17: OFF | O17: 6 | P17: off | Q17: 6 | S17: 6 | T17: 6 | V17: 6 | W17: OFF | X17: 6 | Y17: off | Z17: 6 | AA17: 6 | AB17: 6 | AC17: 6 | AD17: OFF | AE17: 6 | AF17: off | AG17: 6 | AH17: 6 | AI17: =COUNTIF(D17:AH17,"V") | AJ17: =COUNTIF(D17:AH17,"R") | AK17: =COUNTIF(D17:AH17,"欠") | AL17: =COUNTIF(D17:AH17,"OFF")
A18: 10 | B18: USHINOHAMA | C18: 688 | AI18: =COUNTIF(D18:AH18,"V") | AJ18: =COUNTIF(D18:AH18,"R") | AK18: =COUNTIF(D18:AH18,"欠") | AL18: =COUNTIF(D18:AH18,"OFF")
A19: 11 | B19: WAKAUME | C19: 814 | AI19: =COUNTIF(D19:AH19,"V") | AJ19: =COUNTIF(D19:AH19,"R") | AK19: =COUNTIF(D19:AH19,"欠") | AL19: =COUNTIF(D19:AH19,"OFF")
A20: 12 | B20: IIJIMA | C20: 906 | AI20: =COUNTIF(D20:AH20,"V") | AJ20: =COUNTIF(D20:AH20,"R") | AK20: =COUNTIF(D20:AH20,"欠") | AL20: =COUNTIF(D20:AH20,"OFF")
A21: 13 | B21: MY PHI | C21: 951 | AI21: =COUNTIF(D21:AH21,"V") | AJ21: =COUNTIF(D21:AH21,"R") | AK21: =COUNTIF(D21:AH21,"欠") | AL21: =COUNTIF(D21:AH21,"OFF")
A22: 14
A23: 15
B24: 6:00～14:00 | D24: =COUNTIF(D12:D21,6) | E24: =COUNTIF(E12:E21,6) | F24: =COUNTIF(F12:F21,6) | G24: =COUNTIF(G12:G21,6) | H24: =COUNTIF(H12:H21,6) | I24: =COUNTIF(I12:I21,6) | J24: =COUNTIF(J12:J21,6) | K24: =COUNTIF(K12:K21,6) | ... AH24: =COUNTIF(AH12:AH21,6)
B25: 7:00～15:00 | D25: =COUNTIF(D12:D21,7) | E25: =COUNTIF(E12:E21,7) | F25: =COUNTIF(F12:F21,7) | G25: =COUNTIF(G12:G21,7) | H25: =COUNTIF(H12:H21,7) | I25: =COUNTIF(I12:I21,7) | J25: =COUNTIF(J12:J21,7) | K25: =COUNTIF(K12:K21,7) | ... AH25: =COUNTIF(AH12:AH21,7)
B26: 8:00～16:00 | D26: =COUNTIF(D12:D21,8) | E26: =COUNTIF(E12:E21,8) | F26: =COUNTIF(F12:F21,8) | G26: =COUNTIF(G12:G21,8) | H26: =COUNTIF(H12:H21,8) | I26: =COUNTIF(I12:I21,8) | J26: =COUNTIF(J12:J21,8) | K26: =COUNTIF(K12:K21,8) | ... AH26: =COUNTIF(AH12:AH21,8)
B27: 9:00～17:00 | D27: =COUNTIF(D12:D21,9) | E27: =COUNTIF(E12:E21,9) | F27: =COUNTIF(F12:F21,9) | G27: =COUNTIF(G12:G21,9) | H27: =COUNTIF(H12:H21,9) | I27: =COUNTIF(I12:I21,9) | J27: =COUNTIF(J12:J21,9) | K27: =COUNTIF(K12:K21,9) | ... AH27: =COUNTIF(AH12:AH21,9)
B28: 出勤人数 | D28: =SUM(D24:D27) | E28: =SUM(E24:E27) | F28: =SUM(F24:F27) | G28: =SUM(G24:G27) | H28: =SUM(H24:H27) | I28: =SUM(I24:I27) | J28: =SUM(J24:J27) | K28: =SUM(K24:K27) | ... AH28: =SUM(AH24:AH27)
B29: COLD KITCHEN TTL WORK HOUR | D29: =D28*7 | E29: =E28*7 | F29: =F28*7 | G29: =G28*7 | H29: =H28*7 | I29: =I28*7 | J29: =J28*7 | K29: =K28*7 | ... AH29: =AH28*7
B31: OFF／=休日（Day off） C=代休（Compensaition Day off） V=有給（Vacation） R=リフﾚｯｼｭ休暇（Refresh Day ｏｆｆ) | AD31: P= Presentation
D33: 赤丸は休日出勤 小文字off 法定休日 オレンジ色Rev1,3/12

Sheet Bakery
D2: Working Hours Report - Bakery | H2: Date 日付 : | J2: 45535
A5: Name 名前 | B5: ID | C5: STD Schedule 基本勤務時間 | D5: Actual Schedule 実際勤務時間 | E5: Reason 理由 | F5: 調整時間 | G5: 休憩 | H5: エキストラワーク（時間も記入） | J5: Approve 承認
A6: NITTA | B6: 627 | C6: =INDEX(Original!$D$7:$AH$17,MATCH(A6,Original!$B$7:$B$16,FALSE),MATCH($J$2,Original!$D$6:$AH$6,FALSE)) | D6: ～ | F6: ｈ | G6: 有 / 無
A7: KOBAYASHI | B7: 113 | C7: =INDEX(Original!$D$7:$AH$17,MATCH(A7,Original!$B$7:$B$16,FALSE),MATCH($J$2,Original!$D$6:$AH$6,FALSE)) | D7: ～ | F7: ｈ | G7: 有 / 無
A8: ISHII | B8: 826 | C8: =INDEX(Original!$D$7:$AH$21,MATCH(A8,Original!$B$7:$B$21,FALSE),MATCH($J$2,Original!$D$6:$AH$6,FALSE)) | D8: ～ | F8: ｈ | G8: 有 / 無
A9: KAJIWARA | B9: 638 | C9: =INDEX(Original!$D$7:$AH$21,MATCH(A9,Original!$B$7:$B$21,FALSE),MATCH($J$2,Original!$D$6:$AH$6,FALSE)) | D9: ～ | F9: ｈ | G9: 有 / 無
A10: SHIOTANI | B10: 840 | C10: =INDEX(Original!$D$7:$AH$21,MATCH(A10,Original!$B$7:$B$21,FALSE),MATCH($J$2,Original!$D$6:$AH$6,FALSE)) | D10: ～ | F10: ｈ | G10: 有 / 無
A11: YAMAKURA | B11: 861 | C11: =INDEX(Original!$D$7:$AH$17,MATCH(A11,Original!$B$7:$B$16,FALSE),MATCH($J$2,Original!$D$6:$AH$6,FALSE)) | D11: ～ | F11: ｈ | G11: 有 / 無
A12: IGUCHI | B12: 934 | C12: =INDEX(Original!$D$7:$AH$17,MATCH(A12,Original!$B$7:$B$16,FALSE),MATCH($J$2,Original!$D$6:$AH$6,FALSE)) | D12: ～ | F12: ｈ | G12: 有 / 無
A13: TAKEDA | B13: 958 | C13: =INDEX(Original!$D$7:$AH$17,MATCH(A13,Original!$B$7:$B$16,FALSE),MATCH($J$2,Original!$D$6:$AH$6,FALSE)) | D13: ～ | F13: ｈ | G13: 有 / 無
A14: KITAZAKI | B14: 973 | C14: =INDEX(Original!$D$7:$AH$21,MATCH(A14,Original!$B$7:$B$21,FALSE),MATCH($J$2,Original!$D$6:$AH$6,FALSE)) | D14: ～ | F14: ｈ | G14: 有 / 無
A15: USHINOHAMA | B15: 688 | C15: =INDEX(Original!$D$7:$AH$21,MATCH(A15,Original!$B$7:$B$21,FALSE),MATCH($J$2,Original!$D$6:$AH$6,FALSE)) | D15: ～ | F15: ｈ | G15: 有 / 無
A16: WAKAUME | B16: 814 | C16: =INDEX(Original!$D$7:$AH$21,MATCH(A16,Original!$B$7:$B$21,FALSE),MATCH($J$2,Original!$D$6:$AH$6,FALSE)) | D16: ～ | F16: ｈ | G16: 有 / 無
A17: IIJIMA | B17: 906 | C17: =INDEX(Original!$D$7:$AH$21,MATCH(A17,Original!$B$7:$B$21,FALSE),MATCH($J$2,Original!$D$6:$AH$6,FALSE)) | D17: ～ | F17: ｈ | G17: 有 / 無
A18: MY PHI | B18: 951 | C18: =INDEX(Original!$D$7:$AH$21,MATCH(A18,Original!$B$7:$B$21,FALSE),MATCH($J$2,Original!$D$6:$AH$6,FALSE)) | D18: ～ | F18: ｈ | G18: 有 / 無
